name,vertical,category,city,address,lat,lng,phone,website,rating,total_reviews,has_website,types
La Costa,clinics,health-wellness,Av. Gral. José Gervasio Artigas 1500,"Av. Gral. José Gervasio Artigas 1500, Asunción 001202, Paraguay",-25.2729386,-57.607288499999996,+595 21 217 1000,http://www.lacosta.com.py/,4,613,True,Private hospital
CLINICA BONNE SANTE,clinics,health-wellness,Avenida Proceres De Mayo E y Ana Diaz nro,"Avenida Proceres De Mayo E y Ana Diaz nro, Av. Dr. José Gaspar Rodriguez de Francia 242, Asunción, Paraguay",-25.3020586,-57.620726899999994,+595 21 329 0005,http://clinicabonnesante.com.py/,4.9,447,True,Medical Center
Clinica San Nicolás,clinics,health-wellness,Incas 3467,"Incas 3467, Asunción 001426, Paraguay",-25.3194181,-57.5772251,+595 984 102582,https://www.csn.com.py/,4.9,36,True,Medical clinic
Centro Médico Bautista,clinics,health-wellness,Avda. República Argentina y,"Avda. República Argentina y, Campos Cervera 635, Asunción, Paraguay",-25.2993976,-57.578587999999996,+595 21 688 9000,http://www.cmb.org.py/,4.1,361,True,Private hospital
La Costa Lynch,clinics,health-wellness,MCRW+59W,"MCRW+59W, Victor Heyn, Asunción 001418, Paraguay",-25.309431,-57.5540471,+595 21 658 3000,http://www.lacostalynch.com.py/,3.5,236,True,Hospital
Hospital Universitario Ntra. Ms. Asuncion,clinics,health-wellness,Eusebio Lilio,"Eusebio Lilio, Asunción 001409, Paraguay",-25.2926352,-57.5619058,+595 21 729 0042,http://hospitaluniversitario.edu.py/,3.4,110,True,University hospital
Clínica Dr.Valé - Asunción I Consultas médicas y Estudios,clinics,health-wellness,Vice Pdte. Sanchez 491 esquina,"Vice Pdte. Sanchez 491 esquina, Asunción 1535, Paraguay",-25.2956108,-57.613487899999996,+595 971 963000,,4,31,False,Medical clinic
Institute of Tropical Medicine,clinics,health-wellness,PCC4+RPC,"PCC4+RPC, Asunción 001535, Paraguay",-25.277939399999998,-57.593226099999995,+595 21 292 463,http://www.mspbs.gov.py/imt,4.3,172,True,Hospital
Villa Morra Migone clinic,clinics,health-wellness,Ulrico Schmidel esq,"Ulrico Schmidel esq, Asunción 001416, Paraguay",-25.297344199999998,-57.5728333,+595 21 218 2000,https://smm.com.py/,3.7,186,True,Medical Center
Consultorio de especialidades médicas,clinics,health-wellness,Eligio Ayala 1820 c,"Eligio Ayala 1820 c, Asunción 001224, Paraguay",-25.291807499999997,-57.6165697,+595 21 224 368,,4.8,8,False,Medical office
Clínica Santa Maria,clinics,health-wellness,Av. Dr. Guido Boggiani,"Av. Dr. Guido Boggiani, Asunción 001416, Paraguay",-25.2986339,-57.5738802,+595 21 664 664,http://www.clinicasantamaria.com.py/,2.9,26,True,Medical clinic
MEDICALTECH - Centro Paraguayo de Urología y Ginecología,clinics,health-wellness,Azara 1568 Esquina,"Azara 1568 Esquina, Asunción 001224, Paraguay",-25.2928827,-57.620661399999996,+595 976 998064,http://www.medicaltech.com.py/,4.9,41,True,Medical Center
CLÍNICA CRISTAL - Médica y Odontológica,clinics,health-wellness,Mayor Thomas Rufinelli Casi Palo Santo 0981130830 021297146,"Mayor Thomas Rufinelli Casi Palo Santo 0981130830 021297146, Asunción 2050, Paraguay",-25.239627799999997,-57.540410099999995,+595 21 297 146,,4.5,73,False,Medical clinic
Sanatorio Santa Barbara,clinics,health-wellness,Alejandro Ravizza 263,"Alejandro Ravizza 263, Asunción 001519, Paraguay",-25.2585181,-57.5811468,+595 21 299 388,,3.8,99,False,Hospital
CENTRO DE ESPECIALIDADES MÉDICAS,clinics,health-wellness,Brasil 165,"Brasil 165, Asunción 001218, Paraguay",-25.286275,-57.623115999999996,,,3.8,12,False,Doctor
Clínica La Esperanza,clinics,health-wellness,Teodoro S. Mongelós 1833,"Teodoro S. Mongelós 1833, Asunción 001224, Paraguay",-25.2968767,-57.6201109,+595 21 223 738,http://laesperanza.com.py/,4.8,27,True,Medical clinic
La Vero Clinic,clinics,health-wellness,Herrera 933,"Herrera 933, Asunción 001219, Paraguay",-25.2891302,-57.6287806,+595 21 452 400,http://www.lavero.com.py/,4.4,68,True,Medical clinic
Family Clinic CEPEP,clinics,health-wellness,Av. Perú 1284,"Av. Perú 1284, Asunción 001221, Paraguay",-25.299203199999997,-57.6266314,+595 982 283275,https://www.cepep.org.py/clinicas/asuncion/,3.9,94,True,Medical clinic
Sanatorio Americano,clinics,health-wellness,Av. España 935 c,"Av. España 935 c, Asunción 001209, Paraguay",-25.286288199999998,-57.615288899999996,+595 21 200 226,http://www.doctosalud.com.py/,4.4,59,True,Private hospital
Clínica Portas del Escudo,clinics,health-wellness,Asunción 001203,"354, Asunción 001203, Paraguay",-25.269114599999998,-57.597893299999996,+595 971 998699,https://www.instagram.com/portas_py/,4.6,12,True,Specialized clinic
Centro Médico Mónaco,clinics,health-wellness,Sacramento esq,"Sacramento esq, Liberacion 1244, San Lorenzo, Paraguay",-25.3686761,-57.518111,+595 971 540783,http://www.centromedicomonaco.com.py/,4.9,147,True,Medical Center
Centro Médico Corppolive,clinics,health-wellness,Santisimo Sacramento 3069,"Santisimo Sacramento 3069, Asunción 001519, Paraguay",-25.255341299999998,-57.577259299999994,+595 971 568547,,5,259,False,Medical Center
Azur Centro Médico,clinics,health-wellness,Avenida Lázaro Cárdenas,"Avenida Lázaro Cárdenas, Paraguay esquina, Lomas de las Flores, 24060 San Francisco de Campeche, Camp., Mexico",19.8170465,-90.5244757,+52 981 106 6206,,1,1,False,Medical Center
Centro Médico San Miguel,clinics,health-wellness,Barrio Victoria Gral. Díaz c/ 14 de Mayo,"Barrio Victoria Gral. Díaz c/ 14 de Mayo, 2770, Paraguay",-25.398758299999997,-57.286436599999995,+595 984 467636,https://instagram.com/centromedicosanmiguel53?igshid=OGQ5ZDc2ODk2ZA==,5,1,True,Medical Center
Clínica CETRO S.A.,clinics,health-wellness,33 Orientales esq,"33 Orientales esq, Asunción 001227, Paraguay",-25.2977562,-57.6089549,+595 21 225 305,https://www.facebook.com/CetroSA/,4.3,21,True,Medical Center
Centro Médico del Paraná,clinics,health-wellness,G927+J63,"G927+J63, Octavio Bosch, Cd. del Este 100128, Paraguay",-25.4984942,-54.6369586,,,5,5,False,Specialized hospital
Medvital Centro Médico Integral,clinics,health-wellness,MFGJ+HG,"MFGJ+HG, Av. Mariscal López Shopping Pinedo, Local 116 San Lorenzo, Av. Mariscal López y, San Lorenzo 0000, Paraguay",-25.323857999999998,-57.518856199999995,+595 974 569716,http://www.medvital.com.py/,3.5,116,True,Medical Center
Centro Médico Francés,clinics,health-wellness,Av. Eusebio Ayala 4870,"Av. Eusebio Ayala 4870, Asunción 001427, Paraguay",-25.317894,-57.5699258,+595 971 253000,https://linktr.ee/centromedicofrances,4.5,17,True,Medical Center
Cirujano Vascular Y Flebologo Especialista En Varices- Dr.Canata Paraguay,clinics,health-wellness,Av. Gral. Bernardino Caballero 729,"Av. Gral. Bernardino Caballero 729, Asunción 1849, Paraguay",-25.2998567,-57.6084162,+595 21 214 191,https://ecodopplerparaguay.com.py/,3.3,4,True,Medical Center
Centro Médico del Norte,clinics,health-wellness,Capiíbary,"330, Capiíbary, Paraguay",-24.7285515,-56.0175316,+595 972 230001,,5,1,False,Wellness center
Guaireño Medical Center,clinics,health-wellness,Pte. Franco,"Pte. Franco, Villarrica 040109, Paraguay",-25.7794341,-56.450401199999995,+595 541 42363,,3.8,92,False,Hospital
Centro Médico Alba,clinics,health-wellness,Av. Perú 421,"Av. Perú 421, Asunción 001224, Paraguay",-25.291391599999997,-57.6203668,+595 21 200 263,,4.7,3,False,Medical Center
Sanatorio Británico,clinics,health-wellness,Parapití 1155,"Parapití 1155, Asunción 1001, Paraguay",-25.294765299999998,-57.633014599999996,+595 21 379 8000,https://www.britanico.com.py/,3.3,410,True,Private hospital
"LifeCenter, Centro Médico",clinics,health-wellness,Cerro Corá 1363,"Cerro Corá 1363, Asunción 001220, Paraguay",-25.2908713,-57.622366899999996,+595 974 456601,https://www.medilifeparaguay.com/,5,8,True,Medical Center
Consultorios Medicos Asuncion de especialidades,clinics,health-wellness,Prol. Josefa Ortiz de Domínguez 745,"Prol. Josefa Ortiz de Domínguez 745, Jardines de Aguascalientes, 20270 Aguascalientes, Ags., Mexico",21.867208899999998,-102.2865155,+52 449 140 6540,,4.1,8,False,Medical office
Centro Médico la Asunción,clinics,health-wellness,100 m oeste de la Municipalidad de Curridabat,"100 m oeste de la Municipalidad de Curridabat, C. 91, San José, Curridabat, 11801, Costa Rica",9.915746799999999,-84.0367066,+506 2272 0808,http://centromedicoasuncion.com/,4.4,70,True,Medical Center
"Farmacia y Consultorios Médicos ""La Asunción""",clinics,health-wellness,Av. Cuauhtémoc Sur 2309,"Av. Cuauhtémoc Sur 2309, Xicotzingo, San Bernardino Tlaxcalancingo, 72820 San Bernardino Tlaxcalancingo, Pue., Mexico",19.017276499999998,-98.288218,,,5,6,False,Medical office
Consultorio medico asuncion,clinics,health-wellness,Av. Aeropuerto 141 Loc.2 Esq. Lago Azul,"Av. Aeropuerto 141 Loc.2 Esq. Lago Azul, Av Aeropuerto 141, Cd. Lago, Cd Lago, 57180 Cdad. Nezahualcóyotl, Méx., Mexico",19.4613959,-99.0433417,,,5,1,False,Doctor
