name,country,vertical,category,city,address,lat,lng,phone,website,rating,total_reviews,has_website,types
MKT Marketing Digital - Digital Marketing Agency Argentina,ar,marketing_agencies,technology-digital,Av. Pres. Roque Sáenz Peña 938,"Av. Pres. Roque Sáenz Peña 938, C1035 Cdad. Autónoma de Buenos Aires, Argentina",-34.604667,-58.3801492,+54 9 11 6202-1111,https://mktmarketingdigital.com/,4.7,46,True,Marketing agency
Agencia MD Marketing Digital | Argentina,ar,marketing_agencies,technology-digital,Maipú 939 Oficina 47,"Maipú 939 Oficina 47, C1006ACM Cdad. Autónoma de Buenos Aires, Argentina",-34.5970808,-58.376852899999996,+54 11 6876-0106,https://ar.mdmarketingdigital.com/?utm_source=GoogleMaps&utm_medium=MyBusiness,4.6,63,True,Internet marketing service
Agencia de Marketing Digital | Buhomedia,ar,marketing_agencies,technology-digital,Cuba 1745,"Cuba 1745, C1426 Cdad. Autónoma de Buenos Aires, Argentina",-34.5643057,-58.4516974,+54 9 11 5665-1006,https://buhomedia.com.ar/,4.7,26,True,Marketing agency
AgenciaMH,ar,marketing_agencies,technology-digital,Solo con cita previa,"Solo con cita previa, Av. Pres. Roque Sáenz Peña 615, C1035AAB Cdad. Autónoma de Buenos Aires, Argentina",-34.6067142,-58.375493399999996,+54 11 3436-8904,http://www.agenciamh.com/,4.9,51,True,Marketing agency
Upway Digital - Agencia de Marketing Digital,ar,marketing_agencies,technology-digital,Av. Corrientes 800,"Av. Corrientes 800, C1008 Cdad. Autónoma de Buenos Aires, Argentina",-34.6036651,-58.377891,+54 11 5944-5536,https://upwaydigitalsolutions.com/,5,46,True,Marketing agency
Seonet Marketing Digital,ar,marketing_agencies,technology-digital,Av. Luis María Campos 70,"Av. Luis María Campos 70, C1425 Cdad. Autónoma de Buenos Aires, Argentina",-34.5760225,-58.4300305,+54 11 5368-7974,http://www.seonet.com.ar/,4.6,52,True,Marketing agency
Agencia de Growth Marketing en Argentina | Vivi,ar,marketing_agencies,technology-digital,Cnel. Niceto Vega 4736,"Cnel. Niceto Vega 4736, C1414 Cdad. Autónoma de Buenos Aires, Argentina",-34.5928574,-58.430780899999995,+54 9 11 3443-3223,https://vivi-smart.com/?utm_source=gmb&utm_medium=ficha-gm-ar,4.5,22,True,Marketing agency
Imactions - Agencia de Marketing Digital,ar,marketing_agencies,technology-digital,Gral. Lucio Norberto Mansilla 2513,"Gral. Lucio Norberto Mansilla 2513, C1425 Cdad. Autónoma de Buenos Aires, Argentina",-34.5964082,-58.403275,+54 11 5032-8065,https://imactions.agency/?utm_source=Google_Organico&utm_medium=Organico_GMB&utm_campaign=google_my_bussines&utm_id=GoogleSEO,5,86,True,Marketing agency
VML Argentina,ar,marketing_agencies,technology-digital,Arribeños 2740,"Arribeños 2740, C1428 Cdad. Autónoma de Buenos Aires, Argentina",-34.5524436,-58.4551965,+54 11 5777-8500,https://www.vml.com/argentina,4.5,139,True,Advertising agency
ClickGlobal,ar,marketing_agencies,technology-digital,Estomba 1428,"Estomba 1428, C1427 Cdad. Autónoma de Buenos Aires, Argentina",-34.5774489,-58.4655219,+54 11 7014-5141,https://clickglobal.com.ar/,4.8,82,True,Marketing agency
Havas Group - Argentina,ar,marketing_agencies,technology-digital,Serrano 669 7mo Piso,"Serrano 669 7mo Piso, C1414DEM Cdad. Autónoma de Buenos Aires, Argentina",-34.5951227,-58.440358399999994,+54 11 4010-7400,http://www.havasmediagroupargentina.com/,4.6,185,True,Marketing agency
Point Web - Agencia De Publicidad - Diseño Web - Marketing Digital,ar,marketing_agencies,technology-digital,Nicaragua 5812,"Nicaragua 5812, C1414 Cdad. Autónoma de Buenos Aires, Argentina",-34.5800115,-58.4357833,+54 11 2462-3183,https://pointweb.com.ar/,5,169,True,Marketing agency
Momentum Buenos Aires,ar,marketing_agencies,technology-digital,Costa Rica 6012,"Costa Rica 6012, C1414 Cdad. Autónoma de Buenos Aires, Argentina",-34.5793964,-58.4389871,,https://www.mccann.com.ar/,4.3,28,True,Advertising agency
Hoopla agencia de publicidad,ar,marketing_agencies,technology-digital,Pedro,"Pedro, Conde 2024 4h, C1428DAF Cdad. Autónoma de Buenos Aires, Argentina",-34.5680931,-58.465063199999996,+54 11 5236-2279,https://www.hoopla.la/,5,13,True,Advertising agency
Metared SRL - Agencia de Marketing Digital,ar,marketing_agencies,technology-digital,,,9.474492,-94.1819,+54 9 11 2693-7431,https://www.metared.ar/,5,32,True,Marketing agency
Web360 Agencia Marketing Digital,ar,marketing_agencies,technology-digital,Pje. Martin A. Malharro 2523,"Pje. Martin A. Malharro 2523, C1429EDA Cdad. Autónoma de Buenos Aires, Argentina",-34.5414031,-58.4752027,+54 11 4096-5434,http://web360.com/,4.4,48,True,Marketing agency
DESANDA Agencia de Marketing & Estrategia,ar,marketing_agencies,technology-digital,Guatemala 4827 8 B,"Guatemala 4827 8 B, C1425 Cdad. Autónoma de Buenos Aires, Argentina",-34.585249,-58.425521499999995,+54 9 11 3525-7711,http://www.desanda.com.ar/,4.9,23,True,Marketing agency
Advanize Agencia,ar,marketing_agencies,technology-digital,Av. Rivadavia 4975,"Av. Rivadavia 4975, C1424 Cdad. Autónoma de Buenos Aires, Argentina",-34.617934999999996,-58.436018499999996,+54 11 2575-5141,https://advanize.com.ar/,4.8,30,True,Marketing agency
Okey Digital,ar,marketing_agencies,technology-digital,Av. San Juan 61,"Av. San Juan 61, 1223 Cdad. Autónoma de Buenos Aires, Argentina",-34.6212606,-58.3666379,+54 11 5505-1285,https://okeydigital.net/,5,48,True,Advertising agency
1425,ar,marketing_agencies,technology-digital,Charcas 4049,"Charcas 4049, C1425BNE Cdad. Autónoma de Buenos Aires, Argentina",-34.585627099999996,-58.420344899999996,+54 11 6959-2582,,4.3,48,False,Marketing agency
Las Luces Publicidad,ar,marketing_agencies,technology-digital,Esmeralda 740,"Esmeralda 740, C1007 Cdad. Autónoma de Buenos Aires, Argentina",-34.5996042,-58.3783977,+54 11 6335-2856,,5,28,False,Advertising agency
Trip Publicidad,ar,marketing_agencies,technology-digital,Olavarría 1464,"Olavarría 1464, C1267 Cdad. Autónoma de Buenos Aires, Argentina",-34.639424999999996,-58.3716146,+54 11 4302-6034,http://www.trippublicidad.com/,4.8,12,True,Advertising agency
Atacama Publicidad,ar,marketing_agencies,technology-digital,José A. Cabrera 3288,"José A. Cabrera 3288, C1186AAJ Cdad. Autónoma de Buenos Aires, Argentina",-34.596939,-58.412855099999994,+54 11 5252-0470,https://www.atacamapublicidad.com/,5,21,True,Advertising agency
Don,ar,marketing_agencies,technology-digital,Serrano 669,"Serrano 669, C1414DEM Cdad. Autónoma de Buenos Aires, Argentina",-34.5951227,-58.440358399999994,+54 11 4783-9797,http://www.donbue.com/,4.6,38,True,Advertising agency
Grey Argentina,ar,marketing_agencies,technology-digital,Juan Ramírez de Velasco 845,"Juan Ramírez de Velasco 845, C1414 AQQ, Cdad. Autónoma de Buenos Aires, Argentina",-34.5952455,-58.4394924,+54 11 5555-1800,http://www.grey.com/es-la/argentina,4.3,45,True,Advertising agency
Publicidad en Via Publica MarketdeMedios,ar,marketing_agencies,technology-digital,Av. Corrientes 311,"Av. Corrientes 311, C1043 Cdad. Autónoma de Buenos Aires, Argentina",-34.6027358,-58.3712362,+54 11 6800-9954,http://www.marketdemedios.com/,5,7,True,Advertising agency
milco PUBLICIDAD S.A.,ar,marketing_agencies,technology-digital,Castillo 1461,"Castillo 1461, C1414AXE Cdad. Autónoma de Buenos Aires, Argentina",-34.5876877,-58.4416593,+54 11 4772-4112,http://milcopublicidadsa.com.ar/,4.8,18,True,Advertising agency
Banco Publicitario,ar,marketing_agencies,technology-digital,Jerónimo Salguero 2731,"Jerónimo Salguero 2731, C1425DSS Cdad. Autónoma de Buenos Aires, Argentina",-34.5801188,-58.407690499999994,+54 11 4807-8880,,4.6,12,False,Advertising agency
OSA Agencia de Medios,ar,marketing_agencies,technology-digital,Av. Leandro N. Alem 855,"Av. Leandro N. Alem 855, C1001 Cdad. Autónoma de Buenos Aires, Argentina",-34.5976589,-58.3709078,,https://www.phdmedia.com/argentina/,4.6,28,True,Advertising agency
Publicidad Mindshare,ar,marketing_agencies,technology-digital,Charcas 5051,"Charcas 5051, C1425BOC Cdad. Autónoma de Buenos Aires, Argentina",-34.5788814,-58.429365499999996,+54 11 4340-0500,http://www.mindshareworld.com/,4.4,31,True,Advertising agency
RAPP Buenos Aires,ar,marketing_agencies,technology-digital,Miñones 1856,"Miñones 1856, C1428 Cdad. Autónoma de Buenos Aires, Argentina",-34.5577977,-58.4436494,+54 11 5554-7277,http://www.rapp.com/,4.2,55,True,Marketing agency
Crandi,ar,marketing_agencies,technology-digital,Zufriategui 3153,"DAC, Zufriategui 3153, B1603 Vicente López, Cdad. Autónoma de Buenos Aires, Argentina",-34.547081999999996,-58.495744099999996,+595 984 910060,https://crandi.com/,4.9,85,True,Marketing agency
Ridyn Digital Marketing & Comunicación,ar,marketing_agencies,technology-digital,Av. Dorrego 2292,"Av. Dorrego 2292, C1414 Cdad. Autónoma de Buenos Aires, Argentina",-34.5767835,-58.438002,+54 9 11 6888-1835,http://www.ridyndigital.com/,5,25,True,Marketing agency
"iMaat, Agencia de Marketing Digital",ar,marketing_agencies,technology-digital,Monroe 3225,"Monroe 3225, C1428 Cdad. Autónoma de Buenos Aires, Argentina",-34.5630271,-58.4680306,,https://imaat.com.ar/,4.9,10,True,Marketing agency
El Cielo Digital Buenos Aires - Marketing digital para empresas,ar,marketing_agencies,technology-digital,Uspallata 2583,"Uspallata 2583, C1282AES Cdad. Autónoma de Buenos Aires, Argentina",-34.6379751,-58.397753599999994,+54 11 4383-9004,https://www.elcielo.digital/,3.9,53,True,Internet marketing service
VISUAL Marketing Digital,ar,marketing_agencies,technology-digital,Esquina Amenabar,"Esquina Amenabar, Palpa 2634, C1426ARW Cdad. Autónoma de Buenos Aires, Argentina",-34.5715765,-58.448264099999996,+54 9 11 5323-2603,https://www.visual.com.ar/,5,62,True,Marketing agency
Agencia Mejor Digital,ar,marketing_agencies,technology-digital,Rivadavia 717 Piso 8 Oficina 808,"Rivadavia 717 Piso 8 Oficina 808, C1002AAF Cdad. Autónoma de Buenos Aires, Argentina",-34.6079406,-58.3766975,+54 11 5263-0140,https://mejordigital.com.ar/,4.9,11,True,Marketing agency
GrowAds - Agencia de Marketing Digital,ar,marketing_agencies,technology-digital,Pje. Matorras 274,"Pje. Matorras 274, C1424 Cdad. Autónoma de Buenos Aires, Argentina",-34.623461999999996,-58.4316392,+54 9 11 5939-9805,https://growads.net/,5,28,True,Internet marketing service
